SET SQL_MODE = "NO_AUTO_VALUE_ON_ZERO";
SET AUTOCOMMIT = 0;
START TRANSACTION;
SET time_zone = "+00:00";



CREATE TABLE `assessment` (
  `AssessmentNo` int(10) NOT NULL,
  `Marks` int(10) NOT NULL,
  `CoID` int(10) NOT NULL,
  `SectionID` int(10) NOT NULL
) ENGINE=InnoDB DEFAULT CHARSET=utf8mb4;



INSERT INTO `assessment` (`AssessmentNo`, `Marks`, `CoID`, `SectionID`) VALUES
(1, 165, 1, 1),
(2, 35, 2, 1),
(3, 50, 3, 1),
(4, 30, 4, 1),
(5, 165, 1, 2),
(6, 35, 2, 2),
(7, 50, 3, 2),
(8, 30, 4, 2),
(9, 165, 5, 3),
(10, 35, 6, 3),
(11, 50, 7, 3),
(12, 30, 8, 3),
(13, 165, 5, 4),
(14, 35, 6, 4),
(15, 50, 7, 4),
(16, 30, 8, 4),
(17, 165, 9, 5),
(18, 35, 10, 5),
(19, 50, 11, 5),
(20, 30, 12, 5),
(21, 165, 9, 6),
(22, 35, 10, 6),
(23, 50, 11, 6),
(24, 30, 12, 6),
(25, 165, 13, 7),
(26, 35, 14, 7),
(27, 50, 15, 7),
(28, 30, 16, 7),
(29, 165, 13, 8),
(30, 35, 14, 8),
(31, 50, 15, 8),
(32, 30, 16, 8),
(33, 165, 17, 9),
(34, 35, 18, 9),
(35, 50, 19, 9),
(36, 30, 20, 9),
(37, 165, 17, 10),
(38, 35, 18, 10),
(39, 50, 19, 10),
(40, 30, 20, 10),
(41, 165, 21, 11),
(42, 35, 22, 11),
(43, 50, 23, 11),
(44, 30, 24, 11),
(45, 165, 21, 12),
(46, 35, 22, 12),
(47, 50, 23, 12),
(48, 30, 24, 12),
(49, 165, 25, 13),
(50, 35, 26, 13),
(51, 50, 27, 13),
(52, 30, 28, 13),
(53, 165, 25, 14),
(54, 35, 26, 14),
(55, 50, 27, 14),
(56, 30, 28, 14),
(57, 165, 29, 15),
(58, 35, 30, 15),
(59, 50, 31, 15),
(60, 30, 32, 15),
(61, 165, 29, 16),
(62, 35, 30, 16),
(63, 50, 31, 16),
(64, 30, 32, 16),
(65, 165, 33, 17),
(66, 35, 34, 17),
(67, 50, 35, 17),
(68, 30, 36, 17),
(69, 165, 33, 18),
(70, 35, 34, 18),
(71, 50, 35, 18),
(72, 30, 36, 18);

CREATE TABLE `co` (
  `CoID` int(10) NOT NULL,
  `CoNo` int(10) NOT NULL,
  `CourseID` int(10) NOT NULL,
  `PloID` int(10) NOT NULL
) ENGINE=InnoDB DEFAULT CHARSET=utf8mb4;



INSERT INTO `co` (`CoID`, `CoNo`, `CourseID`, `PloID`) VALUES
(1, 1, 303, 2),
(2, 2, 303, 3),
(3, 3, 303, 4),
(4, 4, 303, 6),
(5, 1, 101, 1),
(6, 2, 101, 2),
(7, 3, 101, 3),
(8, 4, 101, 4),
(9, 1, 104, 5),
(10, 2, 104, 6),
(11, 3, 104, 7),
(12, 4, 104, 8),
(13, 1, 201, 9),
(14, 2, 201, 10),
(15, 3, 201, 11),
(16, 4, 201, 12),
(17, 1, 203, 2),
(18, 2, 203, 3),
(19, 3, 203, 4),
(20, 4, 203, 5),
(21, 1, 204, 6),
(22, 2, 204, 7),
(23, 3, 204, 8),
(25, 1, 210, 8),
(26, 2, 210, 10),
(27, 3, 210, 11),
(28, 4, 210, 12),
(29, 1, 211, 3),
(30, 2, 211, 4),
(31, 3, 211, 5),
(32, 4, 211, 6),
(33, 1, 213, 7),
(34, 2, 213, 8),
(35, 3, 213, 9),
(36, 4, 213, 10);


CREATE TABLE `course` (
  `CourseID` int(10) NOT NULL,
  `CourseName` varchar(50) NOT NULL,
  `noOfCredits` int(10) NOT NULL,
  `ProgramID` int(5) NOT NULL
) 

INSERT INTO `course` (`CourseID`, `CourseName`, `noOfCredits`, `ProgramID`) VALUES
(101, 'Introduction to Computer Programming', 3, 1),
(104, 'Electrical Circuit Analysis', 3, 1),
(201, 'Discrete Mathematics', 3, 1),
(203, 'Data Structure', 3, 1),
(204, 'Digital Logic Design', 3, 1),
(210, 'Electronics 1', 3, 1),
(211, 'Algorithm', 3, 1),
(213, 'Object Oriented Programming', 3, 1),
(303, 'Database Management', 3, 1);


CREATE TABLE `dean` (
  `DeanName` varchar(30) NOT NULL,
  `JoinDate` datetime(3) NOT NULL,
  `LeaveDate` datetime(3) NOT NULL,
  `SchoolID` int(10) NOT NULL
) ENGINE=InnoDB DEFAULT CHARSET=utf8mb4;



INSERT INTO `dean` (`DeanName`, `JoinDate`, `LeaveDate`, `SchoolID`) VALUES
('Yusuf Mahbubul Islam', '2010-01-01 00:00:00.000', '2012-01-01 00:00:00.000', 1);



CREATE TABLE `department` (
  `DepartmentID` varchar(10) NOT NULL,
  `DepartmentName` varchar(50) NOT NULL,
  `SchoolID` int(10) NOT NULL
) ENGINE=InnoDB DEFAULT CHARSET=utf8mb4;


INSERT INTO `department` (`DepartmentID`, `DepartmentName`, `SchoolID`) VALUES
('CSE', 'Computer Science and Engineering ', 1),
('EEE', 'Electrical and Electronic Engineering', 1),
('ENV', 'Environmental Science', 3),
('FIN', 'Finance ', 2),
('MKT', 'Marketing', 2);


CREATE TABLE `departmenthead` (
  `HeadName` varchar(30) NOT NULL,
  `JoinDate` datetime(3) NOT NULL,
  `LeaveDate` datetime(3) NOT NULL,
  `SchoolID` int(3) NOT NULL
) ENGINE=InnoDB DEFAULT CHARSET=utf8mb4;


INSERT INTO `departmenthead` (`HeadName`, `JoinDate`, `LeaveDate`, `SchoolID`) VALUES
('Dr.Mahady Hasan', '2010-01-01 00:00:00.000', '2012-01-01 00:00:00.000', 1);



CREATE TABLE `enrollment` (
  `EnrollmentID` int(10) NOT NULL,
  `StudentID` int(10) NOT NULL,
  `EnrollmentYear` year(4) NOT NULL,
  `ProgramID` int(10) NOT NULL,
  `SectionID` int(10) NOT NULL
) ENGINE=InnoDB DEFAULT CHARSET=utf8mb4;


INSERT INTO `enrollment` (`EnrollmentID`, `StudentID`, `EnrollmentYear`, `SemesterID`, `SectionID`) VALUES
(1, 1528882, 2015, 1, 1),
(2, 1612985, 2016, 1, 2),
(3, 1613273, 2016, 1, 1),
(4, 1614142, 2016, 1, 2),
(5, 1614733, 2016, 1, 1),
(6, 1616161, 2016, 1, 1),
(7, 1622731, 2016, 1, 1),
(8, 1623112, 2016, 1, 2),
(9, 1625654, 2016, 1, 1),
(10, 1633554, 2016, 1, 1),
(11, 1634352, 2016, 1, 2),
(12, 1641252, 2016, 1, 2),
(13, 1645333, 2016, 1, 2),
(14, 1646434, 2016, 1, 2),
(15, 1653725, 2016, 1, 2),
(16, 1653725, 2016, 1, 1),
(17, 1654432, 2016, 1, 2),
(18, 1661638, 2016, 1, 2),
(19, 1662147, 2016, 1, 1),
(20, 1665491, 2016, 1, 2),
(21, 1665555, 2016, 1, 2),
(22, 1668314, 2016, 1, 2),
(23, 1669953, 2016, 1, 1),
(24, 1674181, 2016, 1, 2),
(25, 1678812, 2016, 1, 2),
(26, 1691291, 2016, 1, 1),
(27, 1691483, 2016, 1, 2),
(28, 1695837, 2016, 1, 1),
(29, 1696326, 2016, 1, 1),
(30, 1721527, 2017, 1, 1),
(31, 1721684, 2017, 1, 1),
(32, 1721911, 2017, 1, 1),
(33, 1722006, 2017, 1, 2),
(34, 1730407, 2017, 1, 2),
(35, 1730791, 2017, 1, 2),
(36, 1831050, 2018, 1, 1),
(37, 1528882, 2015, 1, 3),
(38, 1612985, 2016, 1, 4),
(39, 1613273, 2016, 1, 3),
(40, 1614142, 2016, 1, 3),
(41, 1614733, 2016, 1, 3),
(42, 1616161, 2016, 1, 4),
(43, 1622731, 2016, 1, 4),
(44, 1623112, 2016, 1, 4),
(45, 1625654, 2016, 1, 3),
(46, 1633554, 2016, 1, 3),
(47, 1634352, 2016, 1, 4),
(48, 1641252, 2016, 1, 3),
(49, 1645333, 2016, 1, 4),
(50, 1646434, 2016, 1, 3),
(51, 1653725, 2016, 1, 4),
(52, 1653725, 2016, 1, 3),
(53, 1654432, 2016, 1, 3),
(54, 1661638, 2016, 1, 3),
(55, 1662147, 2016, 1, 4),
(56, 1665491, 2016, 1, 4),
(57, 1665555, 2016, 1, 4),
(58, 1668314, 2016, 1, 4),
(59, 1669953, 2016, 1, 3),
(60, 1674181, 2016, 1, 3),
(61, 1678812, 2016, 1, 3),
(62, 1691291, 2016, 1, 4),
(63, 1691483, 2016, 1, 3),
(64, 1695837, 2016, 1, 3),
(65, 1696326, 2016, 1, 4),
(66, 1721527, 2017, 1, 3),
(67, 1721684, 2017, 1, 3),
(68, 1721911, 2017, 1, 4),
(69, 1722006, 2017, 1, 4),
(70, 1730407, 2017, 1, 4),
(71, 1730791, 2017, 1, 3),
(72, 1831050, 2018, 1, 3),
(73, 1528882, 2015, 1, 5),
(74, 1612985, 2016, 1, 5),
(75, 1613273, 2016, 1, 5),
(76, 1614142, 2016, 1, 6),
(77, 1614733, 2016, 1, 6),
(78, 1616161, 2016, 1, 6),
(79, 1622731, 2016, 1, 6),
(80, 1623112, 2016, 1, 6),
(81, 1625654, 2016, 1, 5),
(82, 1633554, 2016, 1, 5),
(83, 1634352, 2016, 1, 5),
(84, 1641252, 2016, 1, 5),
(85, 1645333, 2016, 1, 5),
(86, 1646434, 2016, 1, 5),
(87, 1653725, 2016, 1, 5),
(88, 1653725, 2016, 1, 6),
(89, 1654432, 2016, 1, 6),
(90, 1661638, 2016, 1, 6),
(91, 1662147, 2016, 1, 6),
(92, 1665491, 2016, 1, 5),
(93, 1665555, 2016, 1, 6),
(94, 1668314, 2016, 1, 5),
(95, 1669953, 2016, 1, 6),
(96, 1674181, 2016, 1, 5),
(97, 1678812, 2016, 1, 6),
(98, 1691291, 2016, 1, 5),
(99, 1691483, 2016, 1, 6),
(100, 1695837, 2016, 1, 5),
(101, 1696326, 2016, 1, 5),
(102, 1721527, 2017, 1, 5),
(103, 1721684, 2017, 1, 5),
(104, 1721911, 2017, 1, 5),
(105, 1722006, 2017, 1, 6),
(106, 1730407, 2017, 1, 6),
(107, 1730791, 2017, 1, 6),
(108, 1831050, 2018, 1, 5),
(109, 1528882, 2015, 1, 7),
(110, 1612985, 2016, 1, 7),
(111, 1613273, 2016, 1, 7),
(112, 1614142, 2016, 1, 7),
(113, 1614733, 2016, 1, 8),
(114, 1616161, 2016, 1, 8),
(115, 1622731, 2016, 1, 8),
(116, 1623112, 2016, 1, 8),
(117, 1625654, 2016, 1, 8),
(118, 1633554, 2016, 1, 8),
(119, 1634352, 2016, 1, 7),
(120, 1641252, 2016, 1, 8),
(121, 1645333, 2016, 1, 7),
(122, 1646434, 2016, 1, 7),
(123, 1653725, 2016, 1, 7),
(124, 1653725, 2016, 1, 8),
(125, 1654432, 2016, 1, 7),
(126, 1661638, 2016, 1, 8),
(127, 1662147, 2016, 1, 7),
(128, 1665491, 2016, 1, 8),
(129, 1665555, 2016, 1, 7),
(130, 1668314, 2016, 1, 7),
(131, 1669953, 2016, 1, 7),
(132, 1674181, 2016, 1, 8),
(133, 1678812, 2016, 1, 8),
(134, 1691291, 2016, 1, 7),
(135, 1691483, 2016, 1, 7),
(136, 1695837, 2016, 1, 8),
(137, 1696326, 2016, 1, 7),
(138, 1721527, 2017, 1, 8),
(139, 1721684, 2017, 1, 7),
(140, 1721911, 2017, 1, 7),
(141, 1722006, 2017, 1, 8),
(142, 1730407, 2017, 1, 7),
(143, 1730791, 2017, 1, 8),
(144, 1831050, 2018, 1, 8),
(145, 1528882, 2015, 1, 9),
(146, 1612985, 2016, 1, 9),
(147, 1613273, 2016, 1, 9),
(148, 1614142, 2016, 1, 9),
(149, 1614733, 2016, 1, 9),
(150, 1616161, 2016, 1, 9),
(151, 1622731, 2016, 1, 9),
(152, 1623112, 2016, 1, 9),
(153, 1625654, 2016, 1, 10),
(154, 1633554, 2016, 1, 10),
(155, 1634352, 2016, 1, 10),
(156, 1641252, 2016, 1, 10),
(157, 1645333, 2016, 1, 9),
(158, 1646434, 2016, 1, 10),
(159, 1653725, 2016, 1, 9),
(160, 1653725, 2016, 1, 10),
(161, 1654432, 2016, 1, 9),
(162, 1661638, 2016, 1, 9),
(163, 1662147, 2016, 1, 10),
(164, 1665491, 2016, 1, 10),
(165, 1665555, 2016, 1, 9),
(166, 1668314, 2016, 1, 9),
(167, 1669953, 2016, 1, 9),
(168, 1674181, 2016, 1, 10),
(169, 1678812, 2016, 1, 10),
(170, 1691291, 2016, 1, 10),
(171, 1691483, 2016, 1, 9),
(172, 1695837, 2016, 1, 9),
(173, 1696326, 2016, 1, 10),
(174, 1721527, 2017, 1, 10),
(175, 1721684, 2017, 1, 10),
(176, 1721911, 2017, 1, 10),
(177, 1722006, 2017, 1, 10),
(178, 1730407, 2017, 1, 9),
(179, 1730791, 2017, 1, 9),
(180, 1831050, 2018, 1, 10),
(181, 1528882, 2015, 1, 11),
(182, 1612985, 2016, 1, 11),
(183, 1613273, 2016, 1, 11),
(184, 1614142, 2016, 1, 12),
(185, 1614733, 2016, 1, 12),
(186, 1616161, 2016, 1, 12),
(187, 1622731, 2016, 1, 12),
(188, 1623112, 2016, 1, 11),
(189, 1625654, 2016, 1, 11),
(190, 1633554, 2016, 1, 11),
(191, 1634352, 2016, 1, 11),
(192, 1641252, 2016, 1, 12),
(193, 1645333, 2016, 1, 12),
(194, 1646434, 2016, 1, 11),
(195, 1653725, 2016, 1, 11),
(196, 1653725, 2016, 1, 12),
(197, 1654432, 2016, 1, 12),
(198, 1661638, 2016, 1, 12),
(199, 1662147, 2016, 1, 11),
(200, 1665491, 2016, 1, 12),
(201, 1665555, 2016, 1, 11),
(202, 1668314, 2016, 1, 12),
(203, 1669953, 2016, 1, 11),
(204, 1674181, 2016, 1, 12),
(205, 1678812, 2016, 1, 11),
(206, 1691291, 2016, 1, 12),
(207, 1691483, 2016, 1, 11),
(208, 1695837, 2016, 1, 11),
(209, 1696326, 2016, 1, 11),
(210, 1721527, 2017, 1, 11),
(211, 1721684, 2017, 1, 11),
(212, 1721911, 2017, 1, 12),
(213, 1722006, 2017, 1, 12),
(214, 1730407, 2017, 1, 12),
(215, 1730791, 2017, 1, 12),
(216, 1831050, 2018, 1, 11),
(217, 1528882, 2015, 1, 13),
(218, 1612985, 2016, 1, 13),
(219, 1613273, 2016, 1, 13),
(220, 1614142, 2016, 1, 14),
(221, 1614733, 2016, 1, 14),
(222, 1616161, 2016, 1, 13),
(223, 1622731, 2016, 1, 14),
(224, 1623112, 2016, 1, 13),
(225, 1625654, 2016, 1, 13),
(226, 1633554, 2016, 1, 13),
(227, 1634352, 2016, 1, 14),
(228, 1641252, 2016, 1, 14),
(229, 1645333, 2016, 1, 13),
(230, 1646434, 2016, 1, 13),
(231, 1653725, 2016, 1, 14),
(232, 1653725, 2016, 1, 14),
(233, 1654432, 2016, 1, 14),
(234, 1661638, 2016, 1, 14),
(235, 1662147, 2016, 1, 13),
(236, 1665491, 2016, 1, 13),
(237, 1665555, 2016, 1, 14),
(238, 1668314, 2016, 1, 13),
(239, 1669953, 2016, 1, 14),
(240, 1674181, 2016, 1, 14),
(241, 1678812, 2016, 1, 13),
(242, 1691291, 2016, 1, 14),
(243, 1691483, 2016, 1, 13),
(244, 1695837, 2016, 1, 13),
(245, 1696326, 2016, 1, 13),
(246, 1721527, 2017, 1, 13),
(247, 1721684, 2017, 1, 14),
(248, 1721911, 2017, 1, 13),
(249, 1722006, 2017, 1, 14),
(250, 1730407, 2017, 1, 13),
(251, 1730791, 2017, 1, 13),
(252, 1831050, 2018, 1, 14),
(253, 1528882, 2015, 1, 15),
(254, 1612985, 2016, 1, 16),
(255, 1613273, 2016, 1, 16),
(256, 1614142, 2016, 1, 16),
(257, 1614733, 2016, 1, 16),
(258, 1616161, 2016, 1, 15),
(259, 1622731, 2016, 1, 15),
(260, 1623112, 2016, 1, 16),
(261, 1625654, 2016, 1, 16),
(262, 1633554, 2016, 1, 15),
(263, 1634352, 2016, 1, 15),
(264, 1641252, 2016, 1, 15),
(265, 1645333, 2016, 1, 15),
(266, 1646434, 2016, 1, 15),
(267, 1653725, 2016, 1, 15),
(268, 1653725, 2016, 1, 16),
(269, 1654432, 2016, 1, 16),
(270, 1661638, 2016, 1, 15),
(271, 1662147, 2016, 1, 16),
(272, 1665491, 2016, 1, 16),
(273, 1665555, 2016, 1, 15),
(274, 1668314, 2016, 1, 16),
(275, 1669953, 2016, 1, 15),
(276, 1674181, 2016, 1, 15),
(277, 1678812, 2016, 1, 16),
(278, 1691291, 2016, 1, 15),
(279, 1691483, 2016, 1, 16),
(280, 1695837, 2016, 1, 16),
(281, 1696326, 2016, 1, 16),
(282, 1721527, 2017, 1, 15),
(283, 1721684, 2017, 1, 16),
(284, 1721911, 2017, 1, 16),
(285, 1722006, 2017, 1, 16),
(286, 1730407, 2017, 1, 16),
(287, 1730791, 2017, 1, 16),
(288, 1831050, 2018, 1, 15),
(289, 1528882, 2015, 1, 17),
(290, 1612985, 2016, 1, 18),
(291, 1613273, 2016, 1, 18),
(292, 1614142, 2016, 1, 18),
(293, 1614733, 2016, 1, 18),
(294, 1616161, 2016, 1, 17),
(295, 1622731, 2016, 1, 17),
(296, 1623112, 2016, 1, 17),
(297, 1625654, 2016, 1, 17),
(298, 1633554, 2016, 1, 17),
(299, 1634352, 2016, 1, 17),
(300, 1641252, 2016, 1, 17),
(301, 1645333, 2016, 1, 17),
(302, 1646434, 2016, 1, 18),
(303, 1653725, 2016, 1, 18),
(304, 1653725, 2016, 1, 18),
(305, 1654432, 2016, 1, 18),
(306, 1661638, 2016, 1, 17),
(307, 1662147, 2016, 1, 17),
(308, 1665491, 2016, 1, 18),
(309, 1665555, 2016, 1, 18),
(310, 1668314, 2016, 1, 17),
(311, 1669953, 2016, 1, 18),
(312, 1674181, 2016, 1, 18),
(313, 1678812, 2016, 1, 18),
(314, 1691291, 2016, 1, 18),
(315, 1691483, 2016, 1, 17),
(316, 1695837, 2016, 1, 17),
(317, 1696326, 2016, 1, 17),
(318, 1721527, 2017, 1, 18),
(319, 1721684, 2017, 1, 18),
(320, 1721911, 2017, 1, 17),
(321, 1722006, 2017, 1, 18),
(322, 1730407, 2017, 1, 18),
(323, 1730791, 2017, 1, 18),
(324, 1831050, 2018, 1, 17);


CREATE TABLE `evaluation` (
  `EvaluationNo` int(10) NOT NULL,
  `Obtainedmarks` int(10) NOT NULL,
  `AssessmentID` int(10) NOT NULL,
  `EnrollmentID` int(10) NOT NULL
) ENGINE=InnoDB DEFAULT CHARSET=utf8mb4;


INSERT INTO `evaluation` (`EvaluationNo`, `Obtainedmarks`, `AssessmentID`, `EnrollmentID`) VALUES
(1, 55, 13, 69),
(2, 26, 14, 69),
(3, 28, 15, 69),
(4, 24, 16, 69),
(5, 45, 21, 105),
(6, 13, 22, 105),
(7, 23, 23, 105),
(8, 23, 24, 105),
(9, 35, 29, 141),
(10, 8, 30, 141),
(11, 13, 31, 141),
(12, 6, 32, 141),
(13, 110, 37, 177),
(14, 32, 38, 177),
(15, 44, 39, 177),
(16, 26, 40, 177),
(17, 148, 45, 213),
(18, 28, 46, 213),
(19, 30, 47, 213),
(20, 24, 48, 213),
(21, 102, 53, 249),
(22, 17, 54, 249),
(23, 37, 55, 249),
(24, 19, 56, 249),
(25, 89, 61, 285),
(26, 21, 62, 285),
(27, 39, 63, 285),
(28, 27, 64, 285),
(29, 116, 69, 321),
(30, 24, 70, 321),
(31, 43, 71, 321),
(32, 12, 72, 321),
(33, 15, 5, 9),
(34, 15, 6, 9),
(35, 0, 7, 9),
(36, 0, 8, 9),
(37, 95, 5, 10),
(38, 27, 6, 10),
(39, 18, 7, 10),
(40, 23, 8, 10),
(41, 56, 5, 11),
(42, 10, 6, 11),
(43, 17, 7, 11),
(44, 30, 8, 11),
(45, 31, 9, 12),
(46, 13, 10, 12),
(47, 4, 11, 12),
(48, 9, 12, 12),
(49, 34, 9, 13),
(50, 27, 10, 13),
(51, 4, 11, 13),
(52, 6, 12, 13),
(53, 54, 9, 14),
(54, 13, 10, 14),
(55, 6, 11, 14),
(56, 11, 12, 14),
(57, 139, 5, 15),
(58, 25, 6, 15),
(59, 22, 7, 15),
(60, 34, 8, 15),
(61, 74, 5, 16),
(62, 9, 6, 16),
(63, 25, 7, 16),
(64, 24, 8, 16),
(65, 76, 37, 17),
(66, 30, 50, 17),
(67, 32, 54, 17),
(68, 46, 59, 17),
(69, 12, 16, 18),
(70, 0, 10, 18),
(71, 0, 36, 18),
(72, 27, 54, 18),
(73, 9, 63, 19),
(74, 40, 19, 19),
(75, 10, 63, 19),
(76, 37, 59, 19),
(77, 28, 60, 20),
(78, 112, 61, 20),
(79, 18, 53, 20),
(80, 14, 56, 20),
(81, 97, 49, 21),
(82, 34, 35, 21),
(83, 48, 43, 21),
(84, 20, 45, 21),
(85, 56, 9, 22),
(86, 32, 11, 22),
(87, 34, 19, 22),
(88, 23, 16, 22),
(89, 45, 27, 23),
(90, 65, 33, 23),
(91, 78, 37, 23),
(92, 12, 58, 23),
(93, 32, 58, 24),
(94, 44, 61, 24),
(95, 67, 49, 24),
(96, 21, 59, 24),
(97, 28, 61, 25),
(98, 67, 25, 25),
(99, 114, 17, 25),
(100, 14, 54, 25),
(101, 87, 1, 26),
(102, 53, 49, 26),
(103, 61, 61, 26),
(104, 36, 23, 26),
(105, 14, 15, 27),
(106, 23, 14, 27),
(107, 34, 34, 27),
(108, 97, 21, 27),
(109, 45, 5, 28),
(110, 87, 25, 28),
(111, 57, 37, 28),
(112, 12, 10, 28),
(113, 28, 38, 29),
(114, 23, 58, 29),
(115, 115, 41, 29),
(116, 38, 47, 29),
(117, 0, 45, 30),
(118, 0, 23, 30),
(119, 0, 25, 30),
(120, 10, 17, 30),
(121, 29, 54, 31),
(122, 33, 1, 31),
(123, 0, 23, 31),
(124, 61, 57, 31),
(125, 36, 47, 32),
(126, 7, 17, 32),
(127, 27, 43, 32),
(128, 9, 21, 32),
(129, 165, 1, 33),
(130, 50, 3, 33),
(131, 30, 4, 33),
(132, 35, 2, 33),
(133, 16, 32, 34),
(134, 18, 22, 34),
(135, 29, 12, 34),
(136, 41, 59, 34),
(137, 118, 61, 35),
(138, 110, 53, 35),
(139, 10, 32, 35),
(140, 2, 38, 35),
(141, 14, 53, 36),
(142, 67, 9, 36),
(143, 0, 34, 36),
(144, 34, 7, 36);

CREATE TABLE `instructor` (
  `InstructorID` int(10) NOT NULL,
  `InstructorName` varchar(30) NOT NULL,
  `Gender` varchar(10) NOT NULL
) ENGINE=InnoDB DEFAULT CHARSET=utf8mb4;



INSERT INTO `instructor` (`InstructorID`, `InstructorName`, `Gender`) VALUES
(1234, 'Lamiya Hasan', 'Female'),
(1426, 'Ms.Sadita Ahmed', 'Female'),
(4321, 'Rakib Hossain', 'Male');


CREATE TABLE `loginuser` (
  `userid` int(50) NOT NULL,
  `password` varchar(50) NOT NULL,
  `usertype` varchar(50) NOT NULL
) ENGINE=InnoDB DEFAULT CHARSET=utf8mb4;



INSERT INTO `loginuser` (`userid`, `password`, `usertype`) VALUES
(1234, 'strawberry12', 'Admin'),
(1426, 'strawberry12', 'Instructor'),
(1722006, 'strawberry12', 'Student');


CREATE TABLE `plo` (
  `PloNO` int(10) NOT NULL,
  `ProgramID` varchar(10) NOT NULL
) ENGINE=InnoDB DEFAULT CHARSET=utf8mb4;



INSERT INTO `plo` (`PloNO`, `ProgramID`) VALUES
(1, 'CSE'),
(2, 'CSE'),
(3, 'CSE'),
(4, 'CSE'),
(5, 'CSE'),
(6, 'CSE'),
(7, 'CSE'),
(8, 'CSE'),
(9, 'CSE'),
(10, 'CSE'),
(11, 'CSE'),
(12, 'CSE');



CREATE TABLE `program` (
  `ProgramID` int(30) NOT NULL,
  `ProgramName` varchar(30) NOT NULL,
  `DepartmentID` varchar(10) NOT NULL
) ENGINE=InnoDB DEFAULT CHARSET=utf8mb4;



INSERT INTO `program` (`ProgramID`, `ProgramName`, `DepartmentID`) VALUES
(1, 'Computer Science and Engineeri', 'CSE'),
(2, 'Computer Science', 'CSE'),
(3, 'Computer Engineering ', 'CSE');



CREATE TABLE `school` (
  `SchoolID` int(10) NOT NULL,
  `SchoolName` varchar(50) NOT NULL
) ENGINE=InnoDB DEFAULT CHARSET=utf8mb4;


INSERT INTO `school` (`SchoolID`, `SchoolName`) VALUES
(1, 'School of Computer Science and Engineering '),
(2, 'School of Business '),
(3, 'School of Environmental Science and Management');



CREATE TABLE `section` (
  `SectionID` int(10) NOT NULL,
  `CourseId` int(10) NOT NULL,
  `SectionNo` int(10) NOT NULL,
  `FacultyID` int(10) NOT NULL
) ENGINE=InnoDB DEFAULT CHARSET=utf8mb4;



INSERT INTO `section` (`SectionID`, `CourseId`, `SectionNo`, `FacultyID`) VALUES
(1, 303, 1, 1426),
(2, 303, 2, 1426),
(3, 101, 1, 1234),
(4, 101, 2, 1234),
(5, 104, 1, 4321),
(6, 104, 2, 4321),
(7, 201, 1, 5678),
(8, 201, 2, 5678),
(9, 203, 1, 2345),
(10, 203, 2, 2345),
(11, 204, 1, 2134),
(12, 204, 2, 2134),
(13, 210, 1, 3456),
(14, 210, 2, 3456),
(15, 211, 1, 6781),
(16, 211, 2, 6781),
(17, 213, 1, 4567),
(18, 213, 2, 4567);


CREATE TABLE `semester` (
  `SemesterID` int(10) NOT NULL,
  `SemesterName` varchar(10) NOT NULL
) ENGINE=InnoDB DEFAULT CHARSET=utf8mb4;


INSERT INTO `semester` (`SemesterID`, `SemesterName`) VALUES
(1, 'Spring'),
(2, 'Summer'),
(3, 'Fall');



CREATE TABLE `student` (
  `StudentID` int(50) NOT NULL,
  `Name` varchar(50) NOT NULL,
  `Gender` varchar(50) NOT NULL
) ENGINE=InnoDB DEFAULT CHARSET=utf8mb4;


INSERT INTO `student` (`StudentID`, `Name`, `Gender`) VALUES
(1528882, 'Asif Khan', 'Male'),
(1612985, 'Mohammad Kawser', 'Male'),
(1613273, 'Asaduzzaman Soumit', 'Male'),
(1614142, 'Marium Islam', 'Female'),
(1614733, 'Shafi', 'Male'),
(1616161, 'Shakil', 'Male'),
(1622731, 'Shakib Khan', 'Male'),
(1623112, 'Fahim ', 'Male'),
(1625654, 'Marian Hossian', 'Female'),
(1633554, 'Sumiya', 'Female'),
(1634352, 'Rizvi', 'Male'),
(1641252, 'Tasnia', 'Female'),
(1645333, 'Rochi', 'Male'),
(1646434, 'Kabil', 'Male'),
(1653725, 'Hamid', 'Male'),
(1654432, 'Karima', 'Female'),
(1661638, 'Famida', 'Female'),
(1662147, 'Charlie', 'Male'),
(1665491, 'Abdullah', 'Male'),
(1665555, 'Rakib', 'Male'),
(1668314, 'Zahid Hassan', 'Male'),
(1669953, 'Saikat Khandoker', 'Male'),
(1674181, 'Zareen', 'Female'),
(1678812, 'Tasnova', 'Female'),
(1691291, 'Saba', 'Female'),
(1691483, 'Marium', 'Female'),
(1695837, 'Tamim', 'Male'),
(1696326, 'Wraith', 'Female'),
(1721527, 'Md.Sakimuzzaman', 'Male'),
(1721684, 'MD.Musfiqur Rahaman', 'Male'),
(1721911, 'Misbahur Rashid', 'Male'),
(1722006, 'Rafid Al Ahsan', 'Male'),
(1730407, 'Sadia Afroz Alma', 'Female'),
(1730791, 'Puja Bhowmik', 'Female'),
(1831050, 'Elan Md Taseen', 'Male');



CREATE TABLE `vc` (
  `VcID` int(10) NOT NULL,
  `VcName` varchar(30) NOT NULL,
  `JoinDate` datetime(5) NOT NULL,
  `LeaveDate` datetime(5) NOT NULL
) ENGINE=InnoDB DEFAULT CHARSET=utf8mb4;


INSERT INTO `vc` (`VcID`, `VcName`, `JoinDate`, `LeaveDate`) VALUES
(1, 'M.Omar Rahman', '2010-01-01 00:00:00.00000', '2012-01-01 00:00:00.00000'),
(2, 'Milan Pagon', '2014-01-01 00:00:00.00000', '2016-01-01 00:00:00.00000');



ALTER TABLE `assessment`
  ADD PRIMARY KEY (`AssessmentNo`);


ALTER TABLE `co`
  ADD PRIMARY KEY (`CoID`);


ALTER TABLE `course`
  ADD PRIMARY KEY (`CourseID`);


ALTER TABLE `department`
  ADD PRIMARY KEY (`DepartmentID`);


ALTER TABLE `enrollment`
  ADD PRIMARY KEY (`EnrollmentID`);


ALTER TABLE `evaluation`
  ADD PRIMARY KEY (`EvaluationNo`);


ALTER TABLE `instructor`
  ADD PRIMARY KEY (`InstructorID`);


ALTER TABLE `loginuser`
  ADD PRIMARY KEY (`userid`);


ALTER TABLE `plo`
  ADD PRIMARY KEY (`PloNO`);


ALTER TABLE `program`
  ADD PRIMARY KEY (`ProgramID`);


ALTER TABLE `school`
  ADD PRIMARY KEY (`SchoolID`);


ALTER TABLE `section`
  ADD PRIMARY KEY (`SectionID`);


ALTER TABLE `semester`
  ADD PRIMARY KEY (`SemesterID`);


ALTER TABLE `student`
  ADD PRIMARY KEY (`StudentID`);


ALTER TABLE `vc`
  ADD PRIMARY KEY (`VcID`);
COMMIT;
